,raster,raster_cloud,match,raster_path,raster_cloud_path
0,,,TOTAL,../TMP-products-int/images-croped/S2B_MSIL1C_20211203T141729_N0301_R010_T20JLL_20211203T174302_cba.TIF,../TMP-products-int/images-croped/S2B_MSIL1C_20211203T141729_N0301_R010_T20JLL_20211203T174302_CLOUDS_cba.TIF
1,,,TOTAL,../TMP-products-int/images-croped/S2B_MSIL1C_20171124T142029_N0206_R010_T20JLL_20171124T192400_cba.TIF,../TMP-products-int/images-croped/S2B_MSIL1C_20171124T142029_N0206_R010_T20JLL_20171124T192400_CLOUDS_cba.TIF
2,,,TOTAL,../TMP-products-int/images-croped/S2A_MSIL1C_20210919T141741_N0301_R010_T20JLL_20210919T192515_cba.TIF,../TMP-products-int/images-croped/S2A_MSIL1C_20210919T141741_N0301_R010_T20JLL_20210919T192515_CLOUDS_cba.TIF
3,,,TOTAL,../TMP-products-int/images-croped/S2B_MSIL1C_20190826T142039_N0208_R010_T20JLL_20190826T191521_cba.TIF,../TMP-products-int/images-croped/S2B_MSIL1C_20190826T142039_N0208_R010_T20JLL_20190826T191521_CLOUDS_cba.TIF
4,,,TOTAL,../TMP-products-int/images-croped/S2A_MSIL1C_20210711T141741_N0301_R010_T20JLL_20210711T173946_cba.TIF,../TMP-products-int/images-croped/S2A_MSIL1C_20210711T141741_N0301_R010_T20JLL_20210711T173946_CLOUDS_cba.TIF
5,,,TOTAL,../TMP-products-int/images-croped/S2A_MSIL1C_20191010T141741_N0208_R010_T20JLL_20191010T174125_cba.TIF,../TMP-products-int/images-croped/S2A_MSIL1C_20191010T141741_N0208_R010_T20JLL_20191010T174125_CLOUDS_cba.TIF
6,,,TOTAL,../TMP-products-int/images-croped/S2A_MSIL1C_20191119T141741_N0208_R010_T20JLL_20191119T173848_cba.TIF,../TMP-products-int/images-croped/S2A_MSIL1C_20191119T141741_N0208_R010_T20JLL_20191119T173848_CLOUDS_cba.TIF
7,,,TOTAL,../TMP-products-int/images-croped/S2B_MSIL1C_20220122T141729_N0301_R010_T20JLL_20220122T172738_cba.TIF,../TMP-products-int/images-croped/S2B_MSIL1C_20220122T141729_N0301_R010_T20JLL_20220122T172738_CLOUDS_cba.TIF
8,,,TOTAL,../TMP-products-int/images-croped/S2B_MSIL1C_20181109T142039_N0207_R010_T20JLL_20181109T193659_cba.TIF,../TMP-products-int/images-croped/S2B_MSIL1C_20181109T142039_N0207_R010_T20JLL_20181109T193659_CLOUDS_cba.TIF
9,,,TOTAL,../TMP-products-int/images-croped/S2A_MSIL1C_20191129T141731_N0208_R010_T20JLL_20191129T173806_cba.TIF,../TMP-products-int/images-croped/S2A_MSIL1C_20191129T141731_N0208_R010_T20JLL_20191129T173806_CLOUDS_cba.TIF
10,,,TOTAL,../TMP-products-int/images-croped/S2A_MSIL1C_20200527T141741_N0209_R010_T20JLL_20200527T191839_cba.TIF,../TMP-products-int/images-croped/S2A_MSIL1C_20200527T141741_N0209_R010_T20JLL_20200527T191839_CLOUDS_cba.TIF
11,,,TOTAL,../TMP-products-int/images-croped/S2A_MSIL1C_20190304T142031_N0207_R010_T20JLL_20190304T174117_cba.TIF,../TMP-products-int/images-croped/S2A_MSIL1C_20190304T142031_N0207_R010_T20JLL_20190304T174117_CLOUDS_cba.TIF
12,,,TOTAL,../TMP-products-int/images-croped/S2A_MSIL1C_20180428T142041_N0206_R010_T20JLL_20180428T174250_cba.TIF,../TMP-products-int/images-croped/S2A_MSIL1C_20180428T142041_N0206_R010_T20JLL_20180428T174250_CLOUDS_cba.TIF
13,,,TOTAL,../TMP-products-int/images-croped/S2A_MSIL1C_20201223T141731_N0209_R010_T20JLL_20201223T175035_cba.TIF,../TMP-products-int/images-croped/S2A_MSIL1C_20201223T141731_N0209_R010_T20JLL_20201223T175035_CLOUDS_cba.TIF
14,,,TOTAL,../TMP-products-int/images-croped/S2B_MSIL1C_20181010T142039_N0206_R010_T20JLL_20181010T193957_cba.TIF,../TMP-products-int/images-croped/S2B_MSIL1C_20181010T142039_N0206_R010_T20JLL_20181010T193957_CLOUDS_cba.TIF
15,,,TOTAL,../TMP-products-int/images-croped/S2B_MSIL1C_20220402T141729_N0400_R010_T20JLL_20220402T175126_cba.TIF,../TMP-products-int/images-croped/S2B_MSIL1C_20220402T141729_N0400_R010_T20JLL_20220402T175126_CLOUDS_cba.TIF
16,,,TOTAL,../TMP-products-int/images-croped/S2B_MSIL1C_20200212T141649_N0209_R010_T20JLL_20200212T174151_cba.TIF,../TMP-products-int/images-croped/S2B_MSIL1C_20200212T141649_N0209_R010_T20JLL_20200212T174151_CLOUDS_cba.TIF
17,,,TOTAL,../TMP-products-int/images-croped/S2B_MSIL1C_20200422T141729_N0209_R010_T20JLL_20200422T192005_cba.TIF,../TMP-products-int/images-croped/S2B_MSIL1C_20200422T141729_N0209_R010_T20JLL_20200422T192005_CLOUDS_cba.TIF
18,,,TOTAL,../TMP-products-int/images-croped/S2B_MSIL1C_20191005T142039_N0208_R010_T20JLL_20191005T160433_cba.TIF,../TMP-products-int/images-croped/S2B_MSIL1C_20191005T142039_N0208_R010_T20JLL_20191005T160433_CLOUDS_cba.TIF
19,,,TOTAL,../TMP-products-int/images-croped/S2B_MSIL1C_20210127T141739_N0209_R010_T20JLL_20210127T175528_cba.TIF,../TMP-products-int/images-croped/S2B_MSIL1C_20210127T141739_N0209_R010_T20JLL_20210127T175528_CLOUDS_cba.TIF
20,,,TOTAL,../TMP-products-int/images-croped/S2A_MSIL1C_20220206T141741_N0400_R010_T20JLL_20220206T192656_cba.TIF,../TMP-products-int/images-croped/S2A_MSIL1C_20220206T141741_N0400_R010_T20JLL_20220206T192656_CLOUDS_cba.TIF
21,,,TOTAL,../TMP-products-int/images-croped/S2B_MSIL1C_20180523T142039_N0206_R010_T20JLL_20180523T192205_cba.TIF,../TMP-products-int/images-croped/S2B_MSIL1C_20180523T142039_N0206_R010_T20JLL_20180523T192205_CLOUDS_cba.TIF
22,,,TOTAL,../TMP-products-int/images-croped/S2B_MSIL1C_20210914T141729_N0301_R010_T20JLL_20210914T174654_cba.TIF,../TMP-products-int/images-croped/S2B_MSIL1C_20210914T141729_N0301_R010_T20JLL_20210914T174654_CLOUDS_cba.TIF
23,,,TOTAL,../TMP-products-int/images-croped/S2A_MSIL1C_20210909T141741_N0301_R010_T20JLL_20210909T174052_cba.TIF,../TMP-products-int/images-croped/S2A_MSIL1C_20210909T141741_N0301_R010_T20JLL_20210909T174052_CLOUDS_cba.TIF
24,,,TOTAL,../TMP-products-int/images-croped/S2A_MSIL1C_20171109T142041_N0206_R010_T20JLL_20171109T160349_cba.TIF,../TMP-products-int/images-croped/S2A_MSIL1C_20171109T142041_N0206_R010_T20JLL_20171109T160349_CLOUDS_cba.TIF
25,,,TOTAL,../TMP-products-int/images-croped/S2B_MSIL1C_20191114T141739_N0208_R010_T20JLL_20191114T173935_cba.TIF,../TMP-products-int/images-croped/S2B_MSIL1C_20191114T141739_N0208_R010_T20JLL_20191114T173935_CLOUDS_cba.TIF
26,,,TOTAL,../TMP-products-int/images-croped/S2A_MSIL1C_20200308T141731_N0209_R010_T20JLL_20200308T174034_cba.TIF,../TMP-products-int/images-croped/S2A_MSIL1C_20200308T141731_N0209_R010_T20JLL_20200308T174034_CLOUDS_cba.TIF
27,,,TOTAL,../TMP-products-int/images-croped/S2A_MSIL1C_20210929T141741_N0301_R010_T20JLL_20210929T174634_cba.TIF,../TMP-products-int/images-croped/S2A_MSIL1C_20210929T141741_N0301_R010_T20JLL_20210929T174634_CLOUDS_cba.TIF
28,,,TOTAL,../TMP-products-int/images-croped/S2A_MSIL1C_20200217T141651_N0209_R010_T20JLL_20200217T174153_cba.TIF,../TMP-products-int/images-croped/S2A_MSIL1C_20200217T141651_N0209_R010_T20JLL_20200217T174153_CLOUDS_cba.TIF
29,,,TOTAL,../TMP-products-int/images-croped/S2A_MSIL1C_20181224T142031_N0207_R010_T20JLL_20181224T173645_cba.TIF,../TMP-products-int/images-croped/S2A_MSIL1C_20181224T142031_N0207_R010_T20JLL_20181224T173645_CLOUDS_cba.TIF
30,,,TOTAL,../TMP-products-int/images-croped/S2A_MSIL1C_20180627T142041_N0206_R010_T20JLL_20180627T185637_cba.TIF,../TMP-products-int/images-croped/S2A_MSIL1C_20180627T142041_N0206_R010_T20JLL_20180627T185637_CLOUDS_cba.TIF
31,,,TOTAL,../TMP-products-int/images-croped/S2A_MSIL1C_20180826T142041_N0206_R010_T20JLL_20180826T181055_cba.TIF,../TMP-products-int/images-croped/S2A_MSIL1C_20180826T142041_N0206_R010_T20JLL_20180826T181055_CLOUDS_cba.TIF
32,,,TOTAL,../TMP-products-int/images-croped/S2A_MSIL1C_20200328T141731_N0209_R010_T20JLL_20200328T185640_cba.TIF,../TMP-products-int/images-croped/S2A_MSIL1C_20200328T141731_N0209_R010_T20JLL_20200328T185640_CLOUDS_cba.TIF
33,,,TOTAL,../TMP-products-int/images-croped/S2B_MSIL1C_20220102T141729_N0301_R010_T20JLL_20220102T174400_cba.TIF,../TMP-products-int/images-croped/S2B_MSIL1C_20220102T141729_N0301_R010_T20JLL_20220102T174400_CLOUDS_cba.TIF
34,,,TOTAL,../TMP-products-int/images-croped/S2B_MSIL1C_20200113T141649_N0208_R010_T20JLL_20200113T173835_cba.TIF,../TMP-products-int/images-croped/S2B_MSIL1C_20200113T141649_N0208_R010_T20JLL_20200113T173835_CLOUDS_cba.TIF
35,,,TOTAL,../TMP-products-int/images-croped/S2A_MSIL1C_20200507T141741_N0209_R010_T20JLL_20200507T174023_cba.TIF,../TMP-products-int/images-croped/S2A_MSIL1C_20200507T141741_N0209_R010_T20JLL_20200507T174023_CLOUDS_cba.TIF
36,,,TOTAL,../TMP-products-int/images-croped/S2B_MSIL1C_20210517T141739_N0300_R010_T20JLL_20210517T174457_cba.TIF,../TMP-products-int/images-croped/S2B_MSIL1C_20210517T141739_N0300_R010_T20JLL_20210517T174457_CLOUDS_cba.TIF
37,,,TOTAL,../TMP-products-int/images-croped/S2A_MSIL1C_20200118T141651_N0208_R010_T20JLL_20200118T173857_cba.TIF,../TMP-products-int/images-croped/S2A_MSIL1C_20200118T141651_N0208_R010_T20JLL_20200118T173857_CLOUDS_cba.TIF
38,,,TOTAL,../TMP-products-int/images-croped/S2A_MSIL1C_20180905T142031_N0206_R010_T20JLL_20180905T175440_cba.TIF,../TMP-products-int/images-croped/S2A_MSIL1C_20180905T142031_N0206_R010_T20JLL_20180905T175440_CLOUDS_cba.TIF
39,,,TOTAL,../TMP-products-int/images-croped/S2A_MSIL1C_20190930T142041_N0208_R010_T20JLL_20190930T174240_cba.TIF,../TMP-products-int/images-croped/S2A_MSIL1C_20190930T142041_N0208_R010_T20JLL_20190930T174240_CLOUDS_cba.TIF
40,,,TOTAL,../TMP-products-int/images-croped/S2A_MSIL1C_20170821T142041_N0205_R010_T20JLL_20170821T143004_cba.TIF,../TMP-products-int/images-croped/S2A_MSIL1C_20170821T142041_N0205_R010_T20JLL_20170821T143004_CLOUDS_cba.TIF
41,,,TOTAL,../TMP-products-int/images-croped/S2B_MSIL1C_20210815T141739_N0301_R010_T20JLL_20210815T174023_cba.TIF,../TMP-products-int/images-croped/S2B_MSIL1C_20210815T141739_N0301_R010_T20JLL_20210815T174023_CLOUDS_cba.TIF
42,,,TOTAL,../TMP-products-int/images-croped/S2A_MSIL1C_20180816T142041_N0206_R010_T20JLL_20180816T194745_cba.TIF,../TMP-products-int/images-croped/S2A_MSIL1C_20180816T142041_N0206_R010_T20JLL_20180816T194745_CLOUDS_cba.TIF
43,,,TOTAL,../TMP-products-int/images-croped/S2B_MSIL1C_20200202T141649_N0208_R010_T20JLL_20200202T173819_cba.TIF,../TMP-products-int/images-croped/S2B_MSIL1C_20200202T141649_N0208_R010_T20JLL_20200202T173819_CLOUDS_cba.TIF
44,,,TOTAL,../TMP-products-int/images-croped/S2B_MSIL1C_20180821T142029_N0206_R010_T20JLL_20180821T194406_cba.TIF,../TMP-products-int/images-croped/S2B_MSIL1C_20180821T142029_N0206_R010_T20JLL_20180821T194406_CLOUDS_cba.TIF
45,,,TOTAL,../TMP-products-int/images-croped/S2B_MSIL1C_20190118T142039_N0207_R010_T20JLL_20190118T173726_cba.TIF,../TMP-products-int/images-croped/S2B_MSIL1C_20190118T142039_N0207_R010_T20JLL_20190118T173726_CLOUDS_cba.TIF
46,,,TOTAL,../TMP-products-int/images-croped/S2A_MSIL1C_20181005T142031_N0206_R010_T20JLL_20181005T175452_cba.TIF,../TMP-products-int/images-croped/S2A_MSIL1C_20181005T142031_N0206_R010_T20JLL_20181005T175452_CLOUDS_cba.TIF
47,,,TOTAL,../TMP-products-int/images-croped/S2B_MSIL1C_20180202T142029_N0206_R010_T20JLL_20180202T191444_cba.TIF,../TMP-products-int/images-croped/S2B_MSIL1C_20180202T142029_N0206_R010_T20JLL_20180202T191444_CLOUDS_cba.TIF
48,,,TOTAL,../TMP-products-int/images-croped/S2A_MSIL1C_20170103T142022_N0204_R010_T20JLL_20170103T142642_cba.TIF,../TMP-products-int/images-croped/S2A_MSIL1C_20170103T142022_N0204_R010_T20JLL_20170103T142642_CLOUDS_cba.TIF
49,,,TOTAL,../TMP-products-int/images-croped/S2A_MSIL1C_20170212T142031_N0204_R010_T20JLL_20170212T142031_cba.TIF,../TMP-products-int/images-croped/S2A_MSIL1C_20170212T142031_N0204_R010_T20JLL_20170212T142031_CLOUDS_cba.TIF
50,,,TOTAL,../TMP-products-int/images-croped/S2B_MSIL1C_20211014T141739_N0301_R010_T20JLL_20211014T175015_cba.TIF,../TMP-products-int/images-croped/S2B_MSIL1C_20211014T141739_N0301_R010_T20JLL_20211014T175015_CLOUDS_cba.TIF
51,,,TOTAL,../TMP-products-int/images-croped/S2B_MSIL1C_20211123T141729_N0301_R010_T20JLL_20211123T171857_cba.TIF,../TMP-products-int/images-croped/S2B_MSIL1C_20211123T141729_N0301_R010_T20JLL_20211123T171857_CLOUDS_cba.TIF
52,,,TOTAL,../TMP-products-int/images-croped/S2B_MSIL1C_20210206T141739_N0209_R010_T20JLL_20210206T175304_cba.TIF,../TMP-products-int/images-croped/S2B_MSIL1C_20210206T141739_N0209_R010_T20JLL_20210206T175304_CLOUDS_cba.TIF
53,,,TOTAL,../TMP-products-int/images-croped/S2B_MSIL1C_20190925T142039_N0208_R010_T20JLL_20190925T174412_cba.TIF,../TMP-products-int/images-croped/S2B_MSIL1C_20190925T142039_N0208_R010_T20JLL_20190925T174412_CLOUDS_cba.TIF
54,,,TOTAL,../TMP-products-int/images-croped/S2B_MSIL1C_20171104T142029_N0206_R010_T20JLL_20171104T191711_cba.TIF,../TMP-products-int/images-croped/S2B_MSIL1C_20171104T142029_N0206_R010_T20JLL_20171104T191711_CLOUDS_cba.TIF
55,,,TOTAL,../TMP-products-int/images-croped/S2A_MSIL1C_20210313T141741_N0209_R010_T20JLL_20210313T175244_cba.TIF,../TMP-products-int/images-croped/S2A_MSIL1C_20210313T141741_N0209_R010_T20JLL_20210313T175244_CLOUDS_cba.TIF
56,,,TOTAL,../TMP-products-int/images-croped/S2B_MSIL1C_20210308T141739_N0209_R010_T20JLL_20210308T175106_cba.TIF,../TMP-products-int/images-croped/S2B_MSIL1C_20210308T141739_N0209_R010_T20JLL_20210308T175106_CLOUDS_cba.TIF
57,,,TOTAL,../TMP-products-int/images-croped/S2A_MSIL1C_20190523T142041_N0207_R010_T20JLL_20190523T174157_cba.TIF,../TMP-products-int/images-croped/S2A_MSIL1C_20190523T142041_N0207_R010_T20JLL_20190523T174157_CLOUDS_cba.TIF
58,,,TOTAL,../TMP-products-int/images-croped/S2A_MSIL1C_20191209T141731_N0208_R010_T20JLL_20191209T173854_cba.TIF,../TMP-products-int/images-croped/S2A_MSIL1C_20191209T141731_N0208_R010_T20JLL_20191209T173854_CLOUDS_cba.TIF
59,,,TOTAL,../TMP-products-int/images-croped/S2A_MSIL1C_20190403T142041_N0207_R010_T20JLL_20190403T173723_cba.TIF,../TMP-products-int/images-croped/S2A_MSIL1C_20190403T142041_N0207_R010_T20JLL_20190403T173723_CLOUDS_cba.TIF
60,,,TOTAL,../TMP-products-int/images-croped/S2B_MSIL1C_20180712T142039_N0206_R010_T20JLL_20180712T192200_cba.TIF,../TMP-products-int/images-croped/S2B_MSIL1C_20180712T142039_N0206_R010_T20JLL_20180712T192200_CLOUDS_cba.TIF
61,,,TOTAL,../TMP-products-int/images-croped/S2A_MSIL1C_20200108T141701_N0208_R010_T20JLL_20200108T173844_cba.TIF,../TMP-products-int/images-croped/S2A_MSIL1C_20200108T141701_N0208_R010_T20JLL_20200108T173844_CLOUDS_cba.TIF
62,,,TOTAL,../TMP-products-int/images-croped/S2B_MSIL1C_20190319T142039_N0207_R010_T20JLL_20190319T192132_cba.TIF,../TMP-products-int/images-croped/S2B_MSIL1C_20190319T142039_N0207_R010_T20JLL_20190319T192132_CLOUDS_cba.TIF
63,,,TOTAL,../TMP-products-int/images-croped/S2B_MSIL1C_20210924T141739_N0301_R010_T20JLL_20210924T174645_cba.TIF,../TMP-products-int/images-croped/S2B_MSIL1C_20210924T141739_N0301_R010_T20JLL_20210924T174645_CLOUDS_cba.TIF
64,,,TOTAL,../TMP-products-int/images-croped/S2A_MSIL1C_20180607T142041_N0206_R010_T20JLL_20180607T174621_cba.TIF,../TMP-products-int/images-croped/S2A_MSIL1C_20180607T142041_N0206_R010_T20JLL_20180607T174621_CLOUDS_cba.TIF
65,,,TOTAL,../TMP-products-int/images-croped/S2A_MSIL1C_20180518T142041_N0206_R010_T20JLL_20180518T174802_cba.TIF,../TMP-products-int/images-croped/S2A_MSIL1C_20180518T142041_N0206_R010_T20JLL_20180518T174802_CLOUDS_cba.TIF
66,,,TOTAL,../TMP-products-int/images-croped/S2A_MSIL1C_20171020T142041_N0205_R010_T20JLL_20171020T142058_cba.TIF,../TMP-products-int/images-croped/S2A_MSIL1C_20171020T142041_N0205_R010_T20JLL_20171020T142058_CLOUDS_cba.TIF
67,,,TOTAL,../TMP-products-int/images-croped/S2B_MSIL1C_20190528T142049_N0207_R010_T20JLL_20190528T174220_cba.TIF,../TMP-products-int/images-croped/S2B_MSIL1C_20190528T142049_N0207_R010_T20JLL_20190528T174220_CLOUDS_cba.TIF
68,,,TOTAL,../TMP-products-int/images-croped/S2A_MSIL1C_20190622T142041_N0207_R010_T20JLL_20190622T173919_cba.TIF,../TMP-products-int/images-croped/S2A_MSIL1C_20190622T142041_N0207_R010_T20JLL_20190622T173919_CLOUDS_cba.TIF
69,,,TOTAL,../TMP-products-int/images-croped/S2B_MSIL1C_20190408T142039_N0207_R010_T20JLL_20190408T174012_cba.TIF,../TMP-products-int/images-croped/S2B_MSIL1C_20190408T142039_N0207_R010_T20JLL_20190408T174012_CLOUDS_cba.TIF
70,,,TOTAL,../TMP-products-int/images-croped/S2B_MSIL1C_20201218T141729_N0209_R010_T20JLL_20201218T174954_cba.TIF,../TMP-products-int/images-croped/S2B_MSIL1C_20201218T141729_N0209_R010_T20JLL_20201218T174954_CLOUDS_cba.TIF
71,,,TOTAL,../TMP-products-int/images-croped/S2B_MSIL1C_20171224T142029_N0206_R010_T20JLL_20171224T205836_cba.TIF,../TMP-products-int/images-croped/S2B_MSIL1C_20171224T142029_N0206_R010_T20JLL_20171224T205836_CLOUDS_cba.TIF
72,,,TOTAL,../TMP-products-int/images-croped/S2B_MSIL1C_20190108T142039_N0207_R010_T20JLL_20190108T174311_cba.TIF,../TMP-products-int/images-croped/S2B_MSIL1C_20190108T142039_N0207_R010_T20JLL_20190108T174311_CLOUDS_cba.TIF
73,,,TOTAL,../TMP-products-int/images-croped/S2A_MSIL1C_20220117T141741_N0301_R010_T20JLL_20220117T174559_cba.TIF,../TMP-products-int/images-croped/S2A_MSIL1C_20220117T141741_N0301_R010_T20JLL_20220117T174559_CLOUDS_cba.TIF
74,,,TOTAL,../TMP-products-int/images-croped/S2A_MSIL1C_20210102T141741_N0209_R010_T20JLL_20210102T175036_cba.TIF,../TMP-products-int/images-croped/S2A_MSIL1C_20210102T141741_N0209_R010_T20JLL_20210102T175036_CLOUDS_cba.TIF
75,,,TOTAL,../TMP-products-int/images-croped/S2B_MSIL1C_20210716T141739_N0301_R010_T20JLL_20210716T174350_cba.TIF,../TMP-products-int/images-croped/S2B_MSIL1C_20210716T141739_N0301_R010_T20JLL_20210716T174350_CLOUDS_cba.TIF
76,,,TOTAL,../TMP-products-int/images-croped/S2B_MSIL1C_20180920T142029_N0206_R010_T20JLL_20180920T193621_cba.TIF,../TMP-products-int/images-croped/S2B_MSIL1C_20180920T142029_N0206_R010_T20JLL_20180920T193621_CLOUDS_cba.TIF
77,,,TOTAL,../TMP-products-int/images-croped/S2B_MSIL1C_20210706T141739_N0301_R010_T20JLL_20210706T174224_cba.TIF,../TMP-products-int/images-croped/S2B_MSIL1C_20210706T141739_N0301_R010_T20JLL_20210706T174224_CLOUDS_cba.TIF
78,,,TOTAL,../TMP-products-int/images-croped/S2B_MSIL1C_20200731T141739_N0209_R010_T20JLL_20200731T174853_cba.TIF,../TMP-products-int/images-croped/S2B_MSIL1C_20200731T141739_N0209_R010_T20JLL_20200731T174853_CLOUDS_cba.TIF
79,,,TOTAL,../TMP-products-int/images-croped/S2A_MSIL1C_20181204T142031_N0207_R010_T20JLL_20181204T173805_cba.TIF,../TMP-products-int/images-croped/S2A_MSIL1C_20181204T142031_N0207_R010_T20JLL_20181204T173805_CLOUDS_cba.TIF
80,,,TOTAL,../TMP-products-int/images-croped/S2A_MSIL1C_20181104T142031_N0206_R010_T20JLL_20181104T174548_cba.TIF,../TMP-products-int/images-croped/S2A_MSIL1C_20181104T142031_N0206_R010_T20JLL_20181104T174548_CLOUDS_cba.TIF
81,,,TOTAL,../TMP-products-int/images-croped/S2A_MSIL1C_20170930T142031_N0205_R010_T20JLL_20170930T142935_cba.TIF,../TMP-products-int/images-croped/S2A_MSIL1C_20170930T142031_N0205_R010_T20JLL_20170930T142935_CLOUDS_cba.TIF
82,,,TOTAL,../TMP-products-int/images-croped/S2A_MSIL1C_20170513T142041_N0205_R010_T20JLL_20170513T142040_cba.TIF,../TMP-products-int/images-croped/S2A_MSIL1C_20170513T142041_N0205_R010_T20JLL_20170513T142040_CLOUDS_cba.TIF
83,,,TOTAL,../TMP-products-int/images-croped/S2B_MSIL1C_20180123T142029_N0206_R010_T20JLL_20180123T173411_cba.TIF,../TMP-products-int/images-croped/S2B_MSIL1C_20180123T142029_N0206_R010_T20JLL_20180123T173411_CLOUDS_cba.TIF
84,,,TOTAL,../TMP-products-int/images-croped/S2B_MSIL1C_20181129T142039_N0207_R010_T20JLL_20181129T174013_cba.TIF,../TMP-products-int/images-croped/S2B_MSIL1C_20181129T142039_N0207_R010_T20JLL_20181129T174013_CLOUDS_cba.TIF
85,,,TOTAL,../TMP-products-int/images-croped/S2A_MSIL1C_20190920T142041_N0208_R010_T20JLL_20190920T173852_cba.TIF,../TMP-products-int/images-croped/S2A_MSIL1C_20190920T142041_N0208_R010_T20JLL_20190920T173852_CLOUDS_cba.TIF
86,,,TOTAL,../TMP-products-int/images-croped/S2B_MSIL1C_20220201T141729_N0400_R010_T20JLL_20220201T171833_cba.TIF,../TMP-products-int/images-croped/S2B_MSIL1C_20220201T141729_N0400_R010_T20JLL_20220201T171833_CLOUDS_cba.TIF
87,,,TOTAL,../TMP-products-int/images-croped/S2B_MSIL1C_20190428T142049_N0207_R010_T20JLL_20190428T173750_cba.TIF,../TMP-products-int/images-croped/S2B_MSIL1C_20190428T142049_N0207_R010_T20JLL_20190428T173750_CLOUDS_cba.TIF
88,,,TOTAL,../TMP-products-int/images-croped/S2B_MSIL1C_20210606T141739_N0300_R010_T20JLL_20210606T174544_cba.TIF,../TMP-products-int/images-croped/S2B_MSIL1C_20210606T141739_N0300_R010_T20JLL_20210606T174544_CLOUDS_cba.TIF
89,,,TOTAL,../TMP-products-int/images-croped/S2A_MSIL1C_20210221T141741_N0209_R010_T20JLL_20210223T110117_cba.TIF,../TMP-products-int/images-croped/S2A_MSIL1C_20210221T141741_N0209_R010_T20JLL_20210223T110117_CLOUDS_cba.TIF
90,,,TOTAL,../TMP-products-int/images-croped/S2B_MSIL1C_20220112T141729_N0301_R010_T20JLL_20220112T174313_cba.TIF,../TMP-products-int/images-croped/S2B_MSIL1C_20220112T141729_N0301_R010_T20JLL_20220112T174313_CLOUDS_cba.TIF
91,,,TOTAL,../TMP-products-int/images-croped/S2A_MSIL1C_20180319T142031_N0206_R010_T20JLL_20180319T174257_cba.TIF,../TMP-products-int/images-croped/S2A_MSIL1C_20180319T142031_N0206_R010_T20JLL_20180319T174257_CLOUDS_cba.TIF
92,,,TOTAL,../TMP-products-int/images-croped/S2A_MSIL1C_20201103T141741_N0209_R010_T20JLL_20201103T175221_cba.TIF,../TMP-products-int/images-croped/S2A_MSIL1C_20201103T141741_N0209_R010_T20JLL_20201103T175221_CLOUDS_cba.TIF
93,,,TOTAL,../TMP-products-int/images-croped/S2B_MSIL1C_20210825T141739_N0301_R010_T20JLL_20210825T174914_cba.TIF,../TMP-products-int/images-croped/S2B_MSIL1C_20210825T141739_N0301_R010_T20JLL_20210825T174914_CLOUDS_cba.TIF
94,,,TOTAL,../TMP-products-int/images-croped/S2B_MSIL1C_20180930T142029_N0206_R010_T20JLL_20180930T192130_cba.TIF,../TMP-products-int/images-croped/S2B_MSIL1C_20180930T142029_N0206_R010_T20JLL_20180930T192130_CLOUDS_cba.TIF
95,,,TOTAL,../TMP-products-int/images-croped/S2A_MSIL1C_20190831T142041_N0208_R010_T20JLL_20190831T173846_cba.TIF,../TMP-products-int/images-croped/S2A_MSIL1C_20190831T142041_N0208_R010_T20JLL_20190831T173846_CLOUDS_cba.TIF
96,,,TOTAL,../TMP-products-int/images-croped/S2A_MSIL1C_20180207T142031_N0206_R010_T20JLL_20180207T205209_cba.TIF,../TMP-products-int/images-croped/S2A_MSIL1C_20180207T142031_N0206_R010_T20JLL_20180207T205209_CLOUDS_cba.TIF
97,,,TOTAL,../TMP-products-int/images-croped/S2B_MSIL1C_20180811T142029_N0206_R010_T20JLL_20180811T194747_cba.TIF,../TMP-products-int/images-croped/S2B_MSIL1C_20180811T142029_N0206_R010_T20JLL_20180811T194747_CLOUDS_cba.TIF
98,,,TOTAL,../TMP-products-int/images-croped/S2A_MSIL1C_20210422T141731_N0300_R010_T20JLL_20210422T174409_cba.TIF,../TMP-products-int/images-croped/S2A_MSIL1C_20210422T141731_N0300_R010_T20JLL_20210422T174409_CLOUDS_cba.TIF
99,,,TOTAL,../TMP-products-int/images-croped/S2A_MSIL1C_20201024T141741_N0209_R010_T20JLL_20201024T174501_cba.TIF,../TMP-products-int/images-croped/S2A_MSIL1C_20201024T141741_N0209_R010_T20JLL_20201024T174501_CLOUDS_cba.TIF
100,,,TOTAL,../TMP-products-int/images-croped/S2B_MSIL1C_20200820T141739_N0209_R010_T20JLL_20200820T175042_cba.TIF,../TMP-products-int/images-croped/S2B_MSIL1C_20200820T141739_N0209_R010_T20JLL_20200820T175042_CLOUDS_cba.TIF
101,,,TOTAL,../TMP-products-int/images-croped/S2B_MSIL1C_20200919T141739_N0209_R010_T20JLL_20200919T175434_cba.TIF,../TMP-products-int/images-croped/S2B_MSIL1C_20200919T141739_N0209_R010_T20JLL_20200919T175434_CLOUDS_cba.TIF
102,,,TOTAL,../TMP-products-int/images-croped/S2A_MSIL1C_20211009T141741_N0301_R010_T20JLL_20211009T174410_cba.TIF,../TMP-products-int/images-croped/S2A_MSIL1C_20211009T141741_N0301_R010_T20JLL_20211009T174410_CLOUDS_cba.TIF
103,,,TOTAL,../TMP-products-int/images-croped/S2A_MSIL1C_20170403T142031_N0204_R010_T20JLL_20170403T142033_cba.TIF,../TMP-products-int/images-croped/S2A_MSIL1C_20170403T142031_N0204_R010_T20JLL_20170403T142033_CLOUDS_cba.TIF
104,,,TOTAL,../TMP-products-int/images-croped/S2B_MSIL1C_20180602T142039_N0206_R010_T20JLL_20180602T174131_cba.TIF,../TMP-products-int/images-croped/S2B_MSIL1C_20180602T142039_N0206_R010_T20JLL_20180602T174131_CLOUDS_cba.TIF
105,,,TOTAL,../TMP-products-int/images-croped/S2B_MSIL1C_20200402T141729_N0209_R010_T20JLL_20200402T173854_cba.TIF,../TMP-products-int/images-croped/S2B_MSIL1C_20200402T141729_N0209_R010_T20JLL_20200402T173854_CLOUDS_cba.TIF
106,,,TOTAL,../TMP-products-int/images-croped/S2A_MSIL1C_20170712T142041_N0205_R010_T20JLL_20170712T142710_cba.TIF,../TMP-products-int/images-croped/S2A_MSIL1C_20170712T142041_N0205_R010_T20JLL_20170712T142710_CLOUDS_cba.TIF
107,,,TOTAL,../TMP-products-int/images-croped/S2B_MSIL1C_20191104T141739_N0208_R010_T20JLL_20191104T173850_cba.TIF,../TMP-products-int/images-croped/S2B_MSIL1C_20191104T141739_N0208_R010_T20JLL_20191104T173850_CLOUDS_cba.TIF
108,,,TOTAL,../TMP-products-int/images-croped/S2B_MSIL1C_20171214T142029_N0206_R010_T20JLL_20171214T173517_cba.TIF,../TMP-products-int/images-croped/S2B_MSIL1C_20171214T142029_N0206_R010_T20JLL_20171214T173517_CLOUDS_cba.TIF
109,,,TOTAL,../TMP-products-int/images-croped/S2B_MSIL1C_20200512T141739_N0209_R010_T20JLL_20200512T174001_cba.TIF,../TMP-products-int/images-croped/S2B_MSIL1C_20200512T141739_N0209_R010_T20JLL_20200512T174001_CLOUDS_cba.TIF
110,,,TOTAL,../TMP-products-int/images-croped/S2B_MSIL1C_20210427T141729_N0300_R010_T20JLL_20210427T173949_cba.TIF,../TMP-products-int/images-croped/S2B_MSIL1C_20210427T141729_N0300_R010_T20JLL_20210427T173949_CLOUDS_cba.TIF
111,,,TOTAL,../TMP-products-int/images-croped/S2A_MSIL1C_20190423T142041_N0207_R010_T20JLL_20190423T174054_cba.TIF,../TMP-products-int/images-croped/S2A_MSIL1C_20190423T142041_N0207_R010_T20JLL_20190423T174054_CLOUDS_cba.TIF
112,,,TOTAL,../TMP-products-int/images-croped/S2B_MSIL1C_20200830T141739_N0209_R010_T20JLL_20200830T174914_cba.TIF,../TMP-products-int/images-croped/S2B_MSIL1C_20200830T141739_N0209_R010_T20JLL_20200830T174914_CLOUDS_cba.TIF
113,,,TOTAL,../TMP-products-int/images-croped/S2B_MSIL1C_20201019T141739_N0209_R010_T20JLL_20201019T174241_cba.TIF,../TMP-products-int/images-croped/S2B_MSIL1C_20201019T141739_N0209_R010_T20JLL_20201019T174241_CLOUDS_cba.TIF
114,,,TOTAL,../TMP-products-int/images-croped/S2A_MSIL1C_20210611T141741_N0300_R010_T20JLL_20210611T174515_cba.TIF,../TMP-products-int/images-croped/S2A_MSIL1C_20210611T141741_N0300_R010_T20JLL_20210611T174515_CLOUDS_cba.TIF
115,,,TOTAL,../TMP-products-int/images-croped/S2B_MSIL1C_20200323T141739_N0209_R010_T20JLL_20200323T192000_cba.TIF,../TMP-products-int/images-croped/S2B_MSIL1C_20200323T141739_N0209_R010_T20JLL_20200323T192000_CLOUDS_cba.TIF
116,,,TOTAL,../TMP-products-int/images-croped/S2A_MSIL1C_20190602T142041_N0207_R010_T20JLL_20190602T174119_cba.TIF,../TMP-products-int/images-croped/S2A_MSIL1C_20190602T142041_N0207_R010_T20JLL_20190602T174119_CLOUDS_cba.TIF
117,,,TOTAL,../TMP-products-int/images-croped/S2B_MSIL1C_20180722T142039_N0206_R010_T20JLL_20180722T192508_cba.TIF,../TMP-products-int/images-croped/S2B_MSIL1C_20180722T142039_N0206_R010_T20JLL_20180722T192508_CLOUDS_cba.TIF
118,,,TOTAL,../TMP-products-int/images-croped/S2B_MSIL1C_20200601T141739_N0209_R010_T20JLL_20200601T174004_cba.TIF,../TMP-products-int/images-croped/S2B_MSIL1C_20200601T141739_N0209_R010_T20JLL_20200601T174004_CLOUDS_cba.TIF
119,,,TOTAL,../TMP-products-int/images-croped/S2A_MSIL1C_20210512T141741_N0300_R010_T20JLL_20210512T173951_cba.TIF,../TMP-products-int/images-croped/S2A_MSIL1C_20210512T141741_N0300_R010_T20JLL_20210512T173951_CLOUDS_cba.TIF
120,,,TOTAL,../TMP-products-int/images-croped/S2A_MSIL1C_20200914T141741_N0209_R010_T20JLL_20200914T175310_cba.TIF,../TMP-products-int/images-croped/S2A_MSIL1C_20200914T141741_N0209_R010_T20JLL_20200914T175310_CLOUDS_cba.TIF
121,,,TOTAL,../TMP-products-int/images-croped/S2A_MSIL1C_20180329T142041_N0206_R010_T20JLL_20180329T174533_cba.TIF,../TMP-products-int/images-croped/S2A_MSIL1C_20180329T142041_N0206_R010_T20JLL_20180329T174533_CLOUDS_cba.TIF
122,,,TOTAL,../TMP-products-int/images-croped/S2B_MSIL1C_20190717T142049_N0208_R010_T20JLL_20190717T185630_cba.TIF,../TMP-products-int/images-croped/S2B_MSIL1C_20190717T142049_N0208_R010_T20JLL_20190717T185630_CLOUDS_cba.TIF
123,,,TOTAL,../TMP-products-int/images-croped/S2A_MSIL1C_20190222T142031_N0207_R010_T20JLL_20190222T174002_cba.TIF,../TMP-products-int/images-croped/S2A_MSIL1C_20190222T142031_N0207_R010_T20JLL_20190222T174002_CLOUDS_cba.TIF
124,,,TOTAL,../TMP-products-int/images-croped/S2B_MSIL1C_20220313T141739_N0400_R010_T20JLL_20220313T175322_cba.TIF,../TMP-products-int/images-croped/S2B_MSIL1C_20220313T141739_N0400_R010_T20JLL_20220313T175322_CLOUDS_cba.TIF
125,,,TOTAL,../TMP-products-int/images-croped/S2B_MSIL1C_20211113T141739_N0301_R010_T20JLL_20211113T174207_cba.TIF,../TMP-products-int/images-croped/S2B_MSIL1C_20211113T141739_N0301_R010_T20JLL_20211113T174207_CLOUDS_cba.TIF
126,,,TOTAL,../TMP-products-int/images-croped/S2A_MSIL1C_20190811T142041_N0208_R010_T20JLL_20190811T174010_cba.TIF,../TMP-products-int/images-croped/S2A_MSIL1C_20190811T142041_N0208_R010_T20JLL_20190811T174010_CLOUDS_cba.TIF
127,,,TOTAL,../TMP-products-int/images-croped/S2B_MSIL1C_20201009T141739_N0209_R010_T20JLL_20201009T174954_cba.TIF,../TMP-products-int/images-croped/S2B_MSIL1C_20201009T141739_N0209_R010_T20JLL_20201009T174954_CLOUDS_cba.TIF
128,,,TOTAL,../TMP-products-int/images-croped/S2A_MSIL1C_20200616T141741_N0209_R010_T20JLL_20200616T174040_cba.TIF,../TMP-products-int/images-croped/S2A_MSIL1C_20200616T141741_N0209_R010_T20JLL_20200616T174040_CLOUDS_cba.TIF
129,,,TOTAL,../TMP-products-int/images-croped/S2B_MSIL1C_20200929T141739_N0209_R010_T20JLL_20200929T175129_cba.TIF,../TMP-products-int/images-croped/S2B_MSIL1C_20200929T141739_N0209_R010_T20JLL_20200929T175129_CLOUDS_cba.TIF
130,,,TOTAL,../TMP-products-int/images-croped/S2B_MSIL1C_20191214T141729_N0208_R010_T20JLL_20191214T173905_cba.TIF,../TMP-products-int/images-croped/S2B_MSIL1C_20191214T141729_N0208_R010_T20JLL_20191214T173905_CLOUDS_cba.TIF
131,,,TOTAL,../TMP-products-int/images-croped/S2A_MSIL1C_20190702T142041_N0207_R010_T20JLL_20190702T173809_cba.TIF,../TMP-products-int/images-croped/S2A_MSIL1C_20190702T142041_N0207_R010_T20JLL_20190702T173809_CLOUDS_cba.TIF
132,,,TOTAL,../TMP-products-int/images-croped/S2A_MSIL1C_20201123T141741_N0209_R010_T20JLL_20201123T174301_cba.TIF,../TMP-products-int/images-croped/S2A_MSIL1C_20201123T141741_N0209_R010_T20JLL_20201123T174301_CLOUDS_cba.TIF
133,,,TOTAL,../TMP-products-int/images-croped/S2A_MSIL1C_20190123T142031_N0207_R010_T20JLL_20190123T173737_cba.TIF,../TMP-products-int/images-croped/S2A_MSIL1C_20190123T142031_N0207_R010_T20JLL_20190123T173737_CLOUDS_cba.TIF
134,,,TOTAL,../TMP-products-int/images-croped/S2B_MSIL1C_20220303T141729_N0400_R010_T20JLL_20220303T175426_cba.TIF,../TMP-products-int/images-croped/S2B_MSIL1C_20220303T141729_N0400_R010_T20JLL_20220303T175426_CLOUDS_cba.TIF
135,,,TOTAL,../TMP-products-int/images-croped/S2B_MSIL1C_20200621T141739_N0209_R010_T20JLL_20200621T174305_cba.TIF,../TMP-products-int/images-croped/S2B_MSIL1C_20200621T141739_N0209_R010_T20JLL_20200621T174305_CLOUDS_cba.TIF
136,,,TOTAL,../TMP-products-int/images-croped/S2B_MSIL1C_20200303T141729_N0209_R010_T20JLL_20200303T173929_cba.TIF,../TMP-products-int/images-croped/S2B_MSIL1C_20200303T141729_N0209_R010_T20JLL_20200303T173929_CLOUDS_cba.TIF
137,,,TOTAL,../TMP-products-int/images-croped/S2B_MSIL1C_20171015T142029_N0205_R010_T20JLL_20171015T142939_cba.TIF,../TMP-products-int/images-croped/S2B_MSIL1C_20171015T142029_N0205_R010_T20JLL_20171015T142939_CLOUDS_cba.TIF
138,,,TOTAL,../TMP-products-int/images-croped/S2A_MSIL1C_20190212T142031_N0207_R010_T20JLL_20190212T185639_cba.TIF,../TMP-products-int/images-croped/S2A_MSIL1C_20190212T142031_N0207_R010_T20JLL_20190212T185639_CLOUDS_cba.TIF
139,,,TOTAL,../TMP-products-int/images-croped/S2A_MSIL1C_20220318T141741_N0400_R010_T20JLL_20220318T193227_cba.TIF,../TMP-products-int/images-croped/S2A_MSIL1C_20220318T141741_N0400_R010_T20JLL_20220318T193227_CLOUDS_cba.TIF
140,,,TOTAL,../TMP-products-int/images-croped/S2B_MSIL1C_20190207T142039_N0207_R010_T20JLL_20190207T192213_cba.TIF,../TMP-products-int/images-croped/S2B_MSIL1C_20190207T142039_N0207_R010_T20JLL_20190207T192213_CLOUDS_cba.TIF
141,,,TOTAL,../TMP-products-int/images-croped/S2A_MSIL1C_20200825T141741_N0209_R010_T20JLL_20200825T192849_cba.TIF,../TMP-products-int/images-croped/S2A_MSIL1C_20200825T141741_N0209_R010_T20JLL_20200825T192849_CLOUDS_cba.TIF
142,,,TOTAL,../TMP-products-int/images-croped/S2A_MSIL1C_20211218T141741_N0301_R010_T20JLL_20211218T174420_cba.TIF,../TMP-products-int/images-croped/S2A_MSIL1C_20211218T141741_N0301_R010_T20JLL_20211218T174420_CLOUDS_cba.TIF
143,,,TOTAL,../TMP-products-int/images-croped/S2A_MSIL1C_20211029T141741_N0301_R010_T20JLL_20211029T174320_cba.TIF,../TMP-products-int/images-croped/S2A_MSIL1C_20211029T141741_N0301_R010_T20JLL_20211029T174320_CLOUDS_cba.TIF
144,,,TOTAL,../TMP-products-int/images-croped/S2B_MSIL1C_20180314T142029_N0206_R010_T20JLL_20180314T192203_cba.TIF,../TMP-products-int/images-croped/S2B_MSIL1C_20180314T142029_N0206_R010_T20JLL_20180314T192203_CLOUDS_cba.TIF
145,,,TOTAL,../TMP-products-int/images-croped/S2A_MSIL1C_20210830T141741_N0301_R010_T20JLL_20210830T173958_cba.TIF,../TMP-products-int/images-croped/S2A_MSIL1C_20210830T141741_N0301_R010_T20JLL_20210830T173958_CLOUDS_cba.TIF
146,,,TOTAL,../TMP-products-int/images-croped/S2A_MSIL1C_20211118T141741_N0301_R010_T20JLL_20211118T174114_cba.TIF,../TMP-products-int/images-croped/S2A_MSIL1C_20211118T141741_N0301_R010_T20JLL_20211118T174114_CLOUDS_cba.TIF
147,,,TOTAL,../TMP-products-int/images-croped/S2B_MSIL1C_20191025T141739_N0208_R010_T20JLL_20191025T173936_cba.TIF,../TMP-products-int/images-croped/S2B_MSIL1C_20191025T141739_N0208_R010_T20JLL_20191025T173936_CLOUDS_cba.TIF
148,,,TOTAL,../TMP-products-int/images-croped/S2A_MSIL1C_20200318T141731_N0209_R010_T20JLL_20200318T174124_cba.TIF,../TMP-products-int/images-croped/S2A_MSIL1C_20200318T141731_N0209_R010_T20JLL_20200318T174124_CLOUDS_cba.TIF
149,,,TOTAL,../TMP-products-int/images-croped/S2A_MSIL1C_20200726T141741_N0209_R010_T20JLL_20200726T185652_cba.TIF,../TMP-products-int/images-croped/S2A_MSIL1C_20200726T141741_N0209_R010_T20JLL_20200726T185652_CLOUDS_cba.TIF
150,,,TOTAL,../TMP-products-int/images-croped/S2A_MSIL1C_20190413T142041_N0207_R010_T20JLL_20190413T191911_cba.TIF,../TMP-products-int/images-croped/S2A_MSIL1C_20190413T142041_N0207_R010_T20JLL_20190413T191911_CLOUDS_cba.TIF
151,,,TOTAL,../TMP-products-int/images-croped/S2B_MSIL1C_20190418T142049_N0207_R010_T20JLL_20190418T173706_cba.TIF,../TMP-products-int/images-croped/S2B_MSIL1C_20190418T142049_N0207_R010_T20JLL_20190418T173706_CLOUDS_cba.TIF
152,,,TOTAL,../TMP-products-int/images-croped/S2A_MSIL1C_20190712T142041_N0208_R010_T20JLL_20190712T173848_cba.TIF,../TMP-products-int/images-croped/S2A_MSIL1C_20190712T142041_N0208_R010_T20JLL_20190712T173848_CLOUDS_cba.TIF
153,,,TOTAL,../TMP-products-int/images-croped/S2B_MSIL1C_20190607T142049_N0207_R010_T20JLL_20190607T173648_cba.TIF,../TMP-products-int/images-croped/S2B_MSIL1C_20190607T142049_N0207_R010_T20JLL_20190607T173648_CLOUDS_cba.TIF
154,,,TOTAL,../TMP-products-int/images-croped/S2A_MSIL1C_20180806T142041_N0206_R010_T20JLL_20180806T180757_cba.TIF,../TMP-products-int/images-croped/S2A_MSIL1C_20180806T142041_N0206_R010_T20JLL_20180806T180757_CLOUDS_cba.TIF
155,,,TOTAL,../TMP-products-int/images-croped/S2B_MSIL1C_20191224T141729_N0208_R010_T20JLL_20191224T173810_cba.TIF,../TMP-products-int/images-croped/S2B_MSIL1C_20191224T141729_N0208_R010_T20JLL_20191224T173810_CLOUDS_cba.TIF
156,,,TOTAL,../TMP-products-int/images-croped/S2B_MSIL1C_20200313T141739_N0209_R010_T20JLL_20200313T173935_cba.TIF,../TMP-products-int/images-croped/S2B_MSIL1C_20200313T141739_N0209_R010_T20JLL_20200313T173935_CLOUDS_cba.TIF
157,,,TOTAL,../TMP-products-int/images-croped/S2B_MSIL1C_20181119T142039_N0207_R010_T20JLL_20181119T174805_cba.TIF,../TMP-products-int/images-croped/S2B_MSIL1C_20181119T142039_N0207_R010_T20JLL_20181119T174805_CLOUDS_cba.TIF
158,,,TOTAL,../TMP-products-int/images-croped/S2A_MSIL1C_20190103T142031_N0207_R010_T20JLL_20190103T173738_cba.TIF,../TMP-products-int/images-croped/S2A_MSIL1C_20190103T142031_N0207_R010_T20JLL_20190103T173738_CLOUDS_cba.TIF
159,,,TOTAL,../TMP-products-int/images-croped/S2B_MSIL1C_20180403T142039_N0206_R010_T20JLL_20180403T191458_cba.TIF,../TMP-products-int/images-croped/S2B_MSIL1C_20180403T142039_N0206_R010_T20JLL_20180403T191458_CLOUDS_cba.TIF
160,,,TOTAL,../TMP-products-int/images-croped/S2B_MSIL1C_20180103T142029_N0206_R010_T20JLL_20180103T173024_cba.TIF,../TMP-products-int/images-croped/S2B_MSIL1C_20180103T142029_N0206_R010_T20JLL_20180103T173024_CLOUDS_cba.TIF
161,,,TOTAL,../TMP-products-int/images-croped/S2B_MSIL1C_20180910T142029_N0206_R010_T20JLL_20180910T204527_cba.TIF,../TMP-products-int/images-croped/S2B_MSIL1C_20180910T142029_N0206_R010_T20JLL_20180910T204527_CLOUDS_cba.TIF
162,,,TOTAL,../TMP-products-int/images-croped/S2A_MSIL1C_20190202T142031_N0207_R010_T20JLL_20190202T173712_cba.TIF,../TMP-products-int/images-croped/S2A_MSIL1C_20190202T142031_N0207_R010_T20JLL_20190202T173712_CLOUDS_cba.TIF
163,,,TOTAL,../TMP-products-int/images-croped/S2A_MSIL1C_20210211T141731_N0209_R010_T20JLL_20210211T175137_cba.TIF,../TMP-products-int/images-croped/S2A_MSIL1C_20210211T141731_N0209_R010_T20JLL_20210211T175137_CLOUDS_cba.TIF
164,,,TOTAL,../TMP-products-int/images-croped/S2A_MSIL1C_20200517T141741_N0209_R010_T20JLL_20200517T174050_cba.TIF,../TMP-products-int/images-croped/S2A_MSIL1C_20200517T141741_N0209_R010_T20JLL_20200517T174050_CLOUDS_cba.TIF
165,,,TOTAL,../TMP-products-int/images-croped/S2A_MSIL1C_20210522T141741_N0300_R010_T20JLL_20210522T192449_cba.TIF,../TMP-products-int/images-croped/S2A_MSIL1C_20210522T141741_N0300_R010_T20JLL_20210522T192449_CLOUDS_cba.TIF
166,,,TOTAL,../TMP-products-int/images-croped/S2B_MSIL1C_20180801T142039_N0206_R010_T20JLL_20180801T193928_cba.TIF,../TMP-products-int/images-croped/S2B_MSIL1C_20180801T142039_N0206_R010_T20JLL_20180801T193928_CLOUDS_cba.TIF
167,,,TOTAL,../TMP-products-int/images-croped/S2A_MSIL1C_20200815T141741_N0209_R010_T20JLL_20200815T175022_cba.TIF,../TMP-products-int/images-croped/S2A_MSIL1C_20200815T141741_N0209_R010_T20JLL_20200815T175022_CLOUDS_cba.TIF
168,,,TOTAL,../TMP-products-int/images-croped/S2A_MSIL1C_20210601T141741_N0300_R010_T20JLL_20210601T174640_cba.TIF,../TMP-products-int/images-croped/S2A_MSIL1C_20210601T141741_N0300_R010_T20JLL_20210601T174640_CLOUDS_cba.TIF
169,,,TOTAL,../TMP-products-int/images-croped/S2A_MSIL1C_20190513T142041_N0207_R010_T20JLL_20190513T174303_cba.TIF,../TMP-products-int/images-croped/S2A_MSIL1C_20190513T142041_N0207_R010_T20JLL_20190513T174303_CLOUDS_cba.TIF
170,,,TOTAL,../TMP-products-int/images-croped/S2A_MSIL1C_20190821T142041_N0208_R010_T20JLL_20190821T174107_cba.TIF,../TMP-products-int/images-croped/S2A_MSIL1C_20190821T142041_N0208_R010_T20JLL_20190821T174107_CLOUDS_cba.TIF
171,,,TOTAL,../TMP-products-int/images-croped/S2A_MSIL1C_20201203T141731_N0209_R010_T20JLL_20201203T174954_cba.TIF,../TMP-products-int/images-croped/S2A_MSIL1C_20201203T141731_N0209_R010_T20JLL_20201203T174954_CLOUDS_cba.TIF
172,,,TOTAL,../TMP-products-int/images-croped/S2B_MSIL1C_20200222T141649_N0209_R010_T20JLL_20200222T173929_cba.TIF,../TMP-products-int/images-croped/S2B_MSIL1C_20200222T141649_N0209_R010_T20JLL_20200222T173929_CLOUDS_cba.TIF
173,,,TOTAL,../TMP-products-int/images-croped/S2B_MSIL1C_20180212T142029_N0206_R010_T20JLL_20180212T174311_cba.TIF,../TMP-products-int/images-croped/S2B_MSIL1C_20180212T142029_N0206_R010_T20JLL_20180212T174311_CLOUDS_cba.TIF
174,,,TOTAL,../TMP-products-int/images-croped/S2B_MSIL1C_20200502T141729_N0209_R010_T20JLL_20200502T173805_cba.TIF,../TMP-products-int/images-croped/S2B_MSIL1C_20200502T141729_N0209_R010_T20JLL_20200502T173805_CLOUDS_cba.TIF
175,,,TOTAL,../TMP-products-int/images-croped/S2B_MSIL1C_20170816T142039_N0205_R010_T20JLL_20170816T142143_cba.TIF,../TMP-products-int/images-croped/S2B_MSIL1C_20170816T142039_N0205_R010_T20JLL_20170816T142143_CLOUDS_cba.TIF
176,,,TOTAL,../TMP-products-int/images-croped/S2A_MSIL1C_20190612T142041_N0207_R010_T20JLL_20190612T173911_cba.TIF,../TMP-products-int/images-croped/S2A_MSIL1C_20190612T142041_N0207_R010_T20JLL_20190612T173911_CLOUDS_cba.TIF
177,,,TOTAL,../TMP-products-int/images-croped/S2A_MSIL1C_20220107T141741_N0301_R010_T20JLL_20220107T174318_cba.TIF,../TMP-products-int/images-croped/S2A_MSIL1C_20220107T141741_N0301_R010_T20JLL_20220107T174318_CLOUDS_cba.TIF
178,,,TOTAL,../TMP-products-int/images-croped/S2A_MSIL1C_20180617T142041_N0206_R010_T20JLL_20180617T174335_cba.TIF,../TMP-products-int/images-croped/S2A_MSIL1C_20180617T142041_N0206_R010_T20JLL_20180617T174335_CLOUDS_cba.TIF
179,,,TOTAL,../TMP-products-int/images-croped/S2A_MSIL1C_20180707T142041_N0206_R010_T20JLL_20180707T174342_cba.TIF,../TMP-products-int/images-croped/S2A_MSIL1C_20180707T142041_N0206_R010_T20JLL_20180707T174342_CLOUDS_cba.TIF
180,,,TOTAL,../TMP-products-int/images-croped/S2B_MSIL1C_20190617T142049_N0207_R010_T20JLL_20190617T173520_cba.TIF,../TMP-products-int/images-croped/S2B_MSIL1C_20190617T142049_N0207_R010_T20JLL_20190617T173520_CLOUDS_cba.TIF
181,,,TOTAL,../TMP-products-int/images-croped/S2A_MSIL1C_20181214T142031_N0207_R010_T20JLL_20181214T173648_cba.TIF,../TMP-products-int/images-croped/S2A_MSIL1C_20181214T142031_N0207_R010_T20JLL_20181214T173648_CLOUDS_cba.TIF
182,,,TOTAL,../TMP-products-int/images-croped/S2A_MSIL1C_20220216T141741_N0400_R010_T20JLL_20220216T194809_cba.TIF,../TMP-products-int/images-croped/S2A_MSIL1C_20220216T141741_N0400_R010_T20JLL_20220216T194809_CLOUDS_cba.TIF
183,,,TOTAL,../TMP-products-int/images-croped/S2A_MSIL1C_20200716T141741_N0209_R010_T20JLL_20200716T174059_cba.TIF,../TMP-products-int/images-croped/S2A_MSIL1C_20200716T141741_N0209_R010_T20JLL_20200716T174059_CLOUDS_cba.TIF
184,,,TOTAL,../TMP-products-int/images-croped/S2A_MSIL1C_20211128T141741_N0301_R010_T20JLL_20211128T174312_cba.TIF,../TMP-products-int/images-croped/S2A_MSIL1C_20211128T141741_N0301_R010_T20JLL_20211128T174312_CLOUDS_cba.TIF
185,,,TOTAL,../TMP-products-int/images-croped/S2A_MSIL1C_20180108T142031_N0206_R010_T20JLL_20180108T173838_cba.TIF,../TMP-products-int/images-croped/S2A_MSIL1C_20180108T142031_N0206_R010_T20JLL_20180108T173838_CLOUDS_cba.TIF
186,,,TOTAL,../TMP-products-int/images-croped/S2B_MSIL1C_20180612T142039_N0206_R010_T20JLL_20180612T173751_cba.TIF,../TMP-products-int/images-croped/S2B_MSIL1C_20180612T142039_N0206_R010_T20JLL_20180612T173751_CLOUDS_cba.TIF
187,,,TOTAL,../TMP-products-int/images-croped/S2A_MSIL1C_20200805T141741_N0209_R010_T20JLL_20200805T175044_cba.TIF,../TMP-products-int/images-croped/S2A_MSIL1C_20200805T141741_N0209_R010_T20JLL_20200805T175044_CLOUDS_cba.TIF
188,,,TOTAL,../TMP-products-int/images-croped/S2B_MSIL1C_20200909T141739_N0209_R010_T20JLL_20200909T174401_cba.TIF,../TMP-products-int/images-croped/S2B_MSIL1C_20200909T141739_N0209_R010_T20JLL_20200909T174401_CLOUDS_cba.TIF
189,,,TOTAL,../TMP-products-int/images-croped/S2A_MSIL1C_20170113T142011_N0204_R010_T20JLL_20170113T142343_cba.TIF,../TMP-products-int/images-croped/S2A_MSIL1C_20170113T142011_N0204_R010_T20JLL_20170113T142343_CLOUDS_cba.TIF
190,,,TOTAL,../TMP-products-int/images-croped/S2B_MSIL1C_20181209T142029_N0207_R010_T20JLL_20181209T185644_cba.TIF,../TMP-products-int/images-croped/S2B_MSIL1C_20181209T142029_N0207_R010_T20JLL_20181209T185644_CLOUDS_cba.TIF
191,,,TOTAL,../TMP-products-int/images-croped/S2B_MSIL1C_20180222T142029_N0206_R010_T20JLL_20180222T205741_cba.TIF,../TMP-products-int/images-croped/S2B_MSIL1C_20180222T142029_N0206_R010_T20JLL_20180222T205741_CLOUDS_cba.TIF
192,,,TOTAL,../TMP-products-int/images-croped/S2A_MSIL1C_20220417T141741_N0400_R010_T20JLL_20220417T174100_cba.TIF,../TMP-products-int/images-croped/S2A_MSIL1C_20220417T141741_N0400_R010_T20JLL_20220417T174100_CLOUDS_cba.TIF
193,,,TOTAL,../TMP-products-int/images-croped/S2B_MSIL1C_20200522T141739_N0209_R010_T20JLL_20200522T193255_cba.TIF,../TMP-products-int/images-croped/S2B_MSIL1C_20200522T141739_N0209_R010_T20JLL_20200522T193255_CLOUDS_cba.TIF
194,,,TOTAL,../TMP-products-int/images-croped/S2A_MSIL1C_20191219T141731_N0208_R010_T20JLL_20191219T173902_cba.TIF,../TMP-products-int/images-croped/S2A_MSIL1C_20191219T141731_N0208_R010_T20JLL_20191219T173902_CLOUDS_cba.TIF
195,,,TOTAL,../TMP-products-int/images-croped/S2B_MSIL1C_20210107T141739_N0209_R010_T20JLL_20210107T174755_cba.TIF,../TMP-products-int/images-croped/S2B_MSIL1C_20210107T141739_N0209_R010_T20JLL_20210107T174755_CLOUDS_cba.TIF
196,,,TOTAL,../TMP-products-int/images-croped/S2A_MSIL1C_20190324T142041_N0207_R010_T20JLL_20190324T205705_cba.TIF,../TMP-products-int/images-croped/S2A_MSIL1C_20190324T142041_N0207_R010_T20JLL_20190324T205705_CLOUDS_cba.TIF
197,,,TOTAL,../TMP-products-int/images-croped/S2A_MSIL1C_20210412T141731_N0300_R010_T20JLL_20210412T174101_cba.TIF,../TMP-products-int/images-croped/S2A_MSIL1C_20210412T141731_N0300_R010_T20JLL_20210412T174101_CLOUDS_cba.TIF
198,,,TOTAL,../TMP-products-int/images-croped/S2B_MSIL1C_20180622T142039_N0206_R010_T20JLL_20180622T160555_cba.TIF,../TMP-products-int/images-croped/S2B_MSIL1C_20180622T142039_N0206_R010_T20JLL_20180622T160555_CLOUDS_cba.TIF
199,,,TOTAL,../TMP-products-int/images-croped/S2A_MSIL1C_20210402T141731_N0300_R010_T20JLL_20210402T175606_cba.TIF,../TMP-products-int/images-croped/S2A_MSIL1C_20210402T141731_N0300_R010_T20JLL_20210402T175606_CLOUDS_cba.TIF
200,,,TOTAL,../TMP-products-int/images-croped/S2B_MSIL1C_20180304T142029_N0206_R010_T20JLL_20180304T191354_cba.TIF,../TMP-products-int/images-croped/S2B_MSIL1C_20180304T142029_N0206_R010_T20JLL_20180304T191354_CLOUDS_cba.TIF
201,,,TOTAL,../TMP-products-int/images-croped/S2B_MSIL1C_20190329T142039_N0207_R010_T20JLL_20190329T192157_cba.TIF,../TMP-products-int/images-croped/S2B_MSIL1C_20190329T142039_N0207_R010_T20JLL_20190329T192157_CLOUDS_cba.TIF
202,,,TOTAL,../TMP-products-int/images-croped/S2B_MSIL1C_20190727T142049_N0208_R010_T20JLL_20190727T191443_cba.TIF,../TMP-products-int/images-croped/S2B_MSIL1C_20190727T142049_N0208_R010_T20JLL_20190727T191443_CLOUDS_cba.TIF
203,,,TOTAL,../TMP-products-int/images-croped/S2A_MSIL1C_20180925T142031_N0206_R010_T20JLL_20180925T180630_cba.TIF,../TMP-products-int/images-croped/S2A_MSIL1C_20180925T142031_N0206_R010_T20JLL_20180925T180630_CLOUDS_cba.TIF
204,,,TOTAL,../TMP-products-int/images-croped/S2A_MSIL1C_20180418T142041_N0206_R010_T20JLL_20180418T174427_cba.TIF,../TMP-products-int/images-croped/S2A_MSIL1C_20180418T142041_N0206_R010_T20JLL_20180418T174427_CLOUDS_cba.TIF
205,,,TOTAL,../TMP-products-int/images-croped/S2A_MSIL1C_20190801T142041_N0208_R010_T20JLL_20190801T174138_cba.TIF,../TMP-products-int/images-croped/S2A_MSIL1C_20190801T142041_N0208_R010_T20JLL_20190801T174138_CLOUDS_cba.TIF
206,,,TOTAL,../TMP-products-int/images-croped/S2A_MSIL1C_20220308T141741_N0400_R010_T20JLL_20220308T175958_cba.TIF,../TMP-products-int/images-croped/S2A_MSIL1C_20220308T141741_N0400_R010_T20JLL_20220308T175958_CLOUDS_cba.TIF
207,,,TOTAL,../TMP-products-int/images-croped/S2A_MSIL1C_20170423T142041_N0204_R010_T20JLL_20170423T142038_cba.TIF,../TMP-products-int/images-croped/S2A_MSIL1C_20170423T142041_N0204_R010_T20JLL_20170423T142038_CLOUDS_cba.TIF
208,,,TOTAL,../TMP-products-int/images-croped/S2A_MSIL1C_20211019T141741_N0301_R010_T20JLL_20211019T192649_cba.TIF,../TMP-products-int/images-croped/S2A_MSIL1C_20211019T141741_N0301_R010_T20JLL_20211019T192649_CLOUDS_cba.TIF
209,,,TOTAL,../TMP-products-int/images-croped/S2A_MSIL1C_20210112T141741_N0209_R010_T20JLL_20210112T175055_cba.TIF,../TMP-products-int/images-croped/S2A_MSIL1C_20210112T141741_N0209_R010_T20JLL_20210112T175055_CLOUDS_cba.TIF
210,,,TOTAL,../TMP-products-int/images-croped/S2B_MSIL1C_20211223T141729_N0301_R010_T20JLL_20211223T174543_cba.TIF,../TMP-products-int/images-croped/S2B_MSIL1C_20211223T141729_N0301_R010_T20JLL_20211223T174543_CLOUDS_cba.TIF
211,,,TOTAL,../TMP-products-int/images-croped/S2B_MSIL1C_20210226T141739_N0209_R010_T20JLL_20210226T175045_cba.TIF,../TMP-products-int/images-croped/S2B_MSIL1C_20210226T141739_N0209_R010_T20JLL_20210226T175045_CLOUDS_cba.TIF
212,,,TOTAL,../TMP-products-int/images-croped/S2B_MSIL1C_20201128T141739_N0209_R010_T20JLL_20201128T175040_cba.TIF,../TMP-products-int/images-croped/S2B_MSIL1C_20201128T141739_N0209_R010_T20JLL_20201128T175040_CLOUDS_cba.TIF
213,,,TOTAL,../TMP-products-int/images-croped/S2A_MSIL1C_20190314T142031_N0207_R010_T20JLL_20190314T192144_cba.TIF,../TMP-products-int/images-croped/S2A_MSIL1C_20190314T142031_N0207_R010_T20JLL_20190314T192144_CLOUDS_cba.TIF
214,,,TOTAL,../TMP-products-int/images-croped/S2A_MSIL1C_20201113T141741_N0209_R010_T20JLL_20201113T175045_cba.TIF,../TMP-products-int/images-croped/S2A_MSIL1C_20201113T141741_N0209_R010_T20JLL_20201113T175045_CLOUDS_cba.TIF
215,,,TOTAL,../TMP-products-int/images-croped/S2A_MSIL1C_20171129T142031_N0206_R010_T20JLL_20171129T173604_cba.TIF,../TMP-products-int/images-croped/S2A_MSIL1C_20171129T142031_N0206_R010_T20JLL_20171129T173604_CLOUDS_cba.TIF
216,,,TOTAL,../TMP-products-int/images-croped/S2B_MSIL1C_20190905T142039_N0208_R010_T20JLL_20190905T160427_cba.TIF,../TMP-products-int/images-croped/S2B_MSIL1C_20190905T142039_N0208_R010_T20JLL_20190905T160427_CLOUDS_cba.TIF
217,,,TOTAL,../TMP-products-int/images-croped/S2A_MSIL1C_20210201T141741_N0209_R010_T20JLL_20210201T175149_cba.TIF,../TMP-products-int/images-croped/S2A_MSIL1C_20210201T141741_N0209_R010_T20JLL_20210201T175149_CLOUDS_cba.TIF
218,,,TOTAL,../TMP-products-int/images-croped/S2A_MSIL1C_20191030T141741_N0208_R010_T20JLL_20191030T174232_cba.TIF,../TMP-products-int/images-croped/S2A_MSIL1C_20191030T141741_N0208_R010_T20JLL_20191030T174232_CLOUDS_cba.TIF
219,,,TOTAL,../TMP-products-int/images-croped/S2A_MSIL1C_20181124T142031_N0207_R010_T20JLL_20181124T173722_cba.TIF,../TMP-products-int/images-croped/S2A_MSIL1C_20181124T142031_N0207_R010_T20JLL_20181124T173722_CLOUDS_cba.TIF
220,,,TOTAL,../TMP-products-int/images-croped/S2A_MSIL1C_20170123T142031_N0204_R010_T20JLL_20170123T143010_cba.TIF,../TMP-products-int/images-croped/S2A_MSIL1C_20170123T142031_N0204_R010_T20JLL_20170123T143010_CLOUDS_cba.TIF
221,,,TOTAL,../TMP-products-int/images-croped/S2A_MSIL1C_20200606T141741_N0209_R010_T20JLL_20200606T174034_cba.TIF,../TMP-products-int/images-croped/S2A_MSIL1C_20200606T141741_N0209_R010_T20JLL_20200606T174034_CLOUDS_cba.TIF
222,,,TOTAL,../TMP-products-int/images-croped/S2A_MSIL1C_20170314T142031_N0204_R010_T20JLL_20170314T142035_cba.TIF,../TMP-products-int/images-croped/S2A_MSIL1C_20170314T142031_N0204_R010_T20JLL_20170314T142035_CLOUDS_cba.TIF
223,,,TOTAL,../TMP-products-int/images-croped/S2B_MSIL1C_20190806T142049_N0208_R010_T20JLL_20190806T174019_cba.TIF,../TMP-products-int/images-croped/S2B_MSIL1C_20190806T142049_N0208_R010_T20JLL_20190806T174019_CLOUDS_cba.TIF
224,,,TOTAL,../TMP-products-int/images-croped/S2B_MSIL1C_20190627T142049_N0207_R010_T20JLL_20190627T173831_cba.TIF,../TMP-products-int/images-croped/S2B_MSIL1C_20190627T142049_N0207_R010_T20JLL_20190627T173831_CLOUDS_cba.TIF
225,,,TOTAL,../TMP-products-int/images-croped/S2A_MSIL1C_20220226T141741_N0400_R010_T20JLL_20220226T175601_cba.TIF,../TMP-products-int/images-croped/S2A_MSIL1C_20220226T141741_N0400_R010_T20JLL_20220226T175601_CLOUDS_cba.TIF
226,,,TOTAL,../TMP-products-int/images-croped/S2B_MSIL1C_20181030T142039_N0206_R010_T20JLL_20181030T191535_cba.TIF,../TMP-products-int/images-croped/S2B_MSIL1C_20181030T142039_N0206_R010_T20JLL_20181030T191535_CLOUDS_cba.TIF
227,,,TOTAL,../TMP-products-int/images-croped/S2B_MSIL1C_20190128T142039_N0207_R010_T20JLL_20190128T173951_cba.TIF,../TMP-products-int/images-croped/S2B_MSIL1C_20190128T142039_N0207_R010_T20JLL_20190128T173951_CLOUDS_cba.TIF
228,,,TOTAL,../TMP-products-int/images-croped/S2A_MSIL1C_20200128T141651_N0208_R010_T20JLL_20200128T173915_cba.TIF,../TMP-products-int/images-croped/S2A_MSIL1C_20200128T141651_N0208_R010_T20JLL_20200128T173915_CLOUDS_cba.TIF
229,,,TOTAL,../TMP-products-int/images-croped/S2A_MSIL1C_20210621T141741_N0300_R010_T20JLL_20210621T192555_cba.TIF,../TMP-products-int/images-croped/S2A_MSIL1C_20210621T141741_N0300_R010_T20JLL_20210621T192555_CLOUDS_cba.TIF
230,,,TOTAL,../TMP-products-int/images-croped/S2A_MSIL1C_20211228T141741_N0301_R010_T20JLL_20211228T174537_cba.TIF,../TMP-products-int/images-croped/S2A_MSIL1C_20211228T141741_N0301_R010_T20JLL_20211228T174537_CLOUDS_cba.TIF
231,,,TOTAL,../TMP-products-int/images-croped/S2B_MSIL1C_20210117T141739_N0209_R010_T20JLL_20210117T175104_cba.TIF,../TMP-products-int/images-croped/S2B_MSIL1C_20210117T141739_N0209_R010_T20JLL_20210117T175104_CLOUDS_cba.TIF
232,,,TOTAL,../TMP-products-int/images-croped/S2A_MSIL1C_20211208T141731_N0301_R010_T20JLL_20211208T174353_cba.TIF,../TMP-products-int/images-croped/S2A_MSIL1C_20211208T141731_N0301_R010_T20JLL_20211208T174353_CLOUDS_cba.TIF
233,,,TOTAL,../TMP-products-int/images-croped/S2B_MSIL1C_20190217T142039_N0207_R010_T20JLL_20190217T191849_cba.TIF,../TMP-products-int/images-croped/S2B_MSIL1C_20190217T142039_N0207_R010_T20JLL_20190217T191849_CLOUDS_cba.TIF
234,,,TOTAL,../TMP-products-int/images-croped/S2A_MSIL1C_20210323T142041_N0209_R010_T20JLL_20210323T174001_cba.TIF,../TMP-products-int/images-croped/S2A_MSIL1C_20210323T142041_N0209_R010_T20JLL_20210323T174001_CLOUDS_cba.TIF
235,,,TOTAL,../TMP-products-int/images-croped/S2B_MSIL1C_20170925T142029_N0205_R010_T20JLL_20170925T142023_cba.TIF,../TMP-products-int/images-croped/S2B_MSIL1C_20170925T142029_N0205_R010_T20JLL_20170925T142023_CLOUDS_cba.TIF
236,,,TOTAL,../TMP-products-int/images-croped/S2B_MSIL1C_20211004T141739_N0301_R010_T20JLL_20211004T174440_cba.TIF,../TMP-products-int/images-croped/S2B_MSIL1C_20211004T141739_N0301_R010_T20JLL_20211004T174440_CLOUDS_cba.TIF
237,,,TOTAL,../TMP-products-int/images-croped/S2A_MSIL1C_20180227T142031_N0206_R010_T20JLL_20180227T192452_cba.TIF,../TMP-products-int/images-croped/S2A_MSIL1C_20180227T142031_N0206_R010_T20JLL_20180227T192452_CLOUDS_cba.TIF
238,,,TOTAL,../TMP-products-int/images-croped/S2A_MSIL1C_20210721T141741_N0301_R010_T20JLL_20210721T192415_cba.TIF,../TMP-products-int/images-croped/S2A_MSIL1C_20210721T141741_N0301_R010_T20JLL_20210721T192415_CLOUDS_cba.TIF
239,,,TOTAL,../TMP-products-int/images-croped/S2B_MSIL1C_20200103T141729_N0208_R010_T20JLL_20200103T173841_cba.TIF,../TMP-products-int/images-croped/S2B_MSIL1C_20200103T141729_N0208_R010_T20JLL_20200103T173841_CLOUDS_cba.TIF
240,,,TOTAL,../TMP-products-int/images-croped/S2B_MSIL1C_20200123T141649_N0208_R010_T20JLL_20200123T173902_cba.TIF,../TMP-products-int/images-croped/S2B_MSIL1C_20200123T141649_N0208_R010_T20JLL_20200123T173902_CLOUDS_cba.TIF
241,,,TOTAL,../TMP-products-int/images-croped/S2A_MSIL1C_20170222T142031_N0204_R010_T20JLL_20170222T142357_cba.TIF,../TMP-products-int/images-croped/S2A_MSIL1C_20170222T142031_N0204_R010_T20JLL_20170222T142357_CLOUDS_cba.TIF
242,,,TOTAL,../TMP-products-int/images-croped/S2B_MSIL1C_20201029T141739_N0209_R010_T20JLL_20201029T174854_cba.TIF,../TMP-products-int/images-croped/S2B_MSIL1C_20201029T141739_N0209_R010_T20JLL_20201029T174854_CLOUDS_cba.TIF
243,,,TOTAL,../TMP-products-int/images-croped/S2B_MSIL1C_20211103T141739_N0301_R010_T20JLL_20211103T174525_cba.TIF,../TMP-products-int/images-croped/S2B_MSIL1C_20211103T141739_N0301_R010_T20JLL_20211103T174525_CLOUDS_cba.TIF
244,,,TOTAL,../TMP-products-int/images-croped/S2A_MSIL1C_20220407T141741_N0400_R010_T20JLL_20220407T192249_cba.TIF,../TMP-products-int/images-croped/S2A_MSIL1C_20220407T141741_N0400_R010_T20JLL_20220407T192249_CLOUDS_cba.TIF
245,,,TOTAL,../TMP-products-int/images-croped/S2A_MSIL1C_20191109T141741_N0208_R010_T20JLL_20191109T173912_cba.TIF,../TMP-products-int/images-croped/S2A_MSIL1C_20191109T141741_N0208_R010_T20JLL_20191109T173912_CLOUDS_cba.TIF
246,,,TOTAL,../TMP-products-int/images-croped/S2B_MSIL1C_20210216T141739_N0209_R010_T20JLL_20210216T175154_cba.TIF,../TMP-products-int/images-croped/S2B_MSIL1C_20210216T141739_N0209_R010_T20JLL_20210216T175154_CLOUDS_cba.TIF
247,,,TOTAL,../TMP-products-int/images-croped/S2A_MSIL1C_20180309T142031_N0206_R010_T20JLL_20180309T174407_cba.TIF,../TMP-products-int/images-croped/S2A_MSIL1C_20180309T142031_N0206_R010_T20JLL_20180309T174407_CLOUDS_cba.TIF
248,,,TOTAL,../TMP-products-int/images-croped/S2B_MSIL1C_20211024T141739_N0301_R010_T20JLL_20211024T175006_cba.TIF,../TMP-products-int/images-croped/S2B_MSIL1C_20211024T141739_N0301_R010_T20JLL_20211024T175006_CLOUDS_cba.TIF
249,,,TOTAL,../TMP-products-int/images-croped/S2A_MSIL1C_20210701T141741_N0301_R010_T20JLL_20210701T174344_cba.TIF,../TMP-products-int/images-croped/S2A_MSIL1C_20210701T141741_N0301_R010_T20JLL_20210701T174344_CLOUDS_cba.TIF
250,,,TOTAL,../TMP-products-int/images-croped/S2B_MSIL1C_20210805T141739_N0301_R010_T20JLL_20210805T174126_cba.TIF,../TMP-products-int/images-croped/S2B_MSIL1C_20210805T141739_N0301_R010_T20JLL_20210805T174126_CLOUDS_cba.TIF
251,,,TOTAL,../TMP-products-int/images-croped/S2B_MSIL1C_20170727T142039_N0205_R010_T20JLL_20170727T142105_cba.TIF,../TMP-products-int/images-croped/S2B_MSIL1C_20170727T142039_N0205_R010_T20JLL_20170727T142105_CLOUDS_cba.TIF
252,,,TOTAL,../TMP-products-int/images-croped/S2B_MSIL1C_20201118T141739_N0209_R010_T20JLL_20201118T174816_cba.TIF,../TMP-products-int/images-croped/S2B_MSIL1C_20201118T141739_N0209_R010_T20JLL_20201118T174816_CLOUDS_cba.TIF
253,,,TOTAL,../TMP-products-int/images-croped/S2B_MSIL1C_20210328T141739_N0209_R010_T20JLL_20210328T174255_cba.TIF,../TMP-products-int/images-croped/S2B_MSIL1C_20210328T141739_N0209_R010_T20JLL_20210328T174255_CLOUDS_cba.TIF
254,,,TOTAL,../TMP-products-int/images-croped/S2A_MSIL1C_20220328T141741_N0400_R010_T20JLL_20220328T174148_cba.TIF,../TMP-products-int/images-croped/S2A_MSIL1C_20220328T141741_N0400_R010_T20JLL_20220328T174148_CLOUDS_cba.TIF
255,,,TOTAL,../TMP-products-int/images-croped/S2B_MSIL1C_20200810T141739_N0209_R010_T20JLL_20200810T174833_cba.TIF,../TMP-products-int/images-croped/S2B_MSIL1C_20200810T141739_N0209_R010_T20JLL_20200810T174833_CLOUDS_cba.TIF
256,,,TOTAL,../TMP-products-int/images-croped/S2B_MSIL1C_20201208T141739_N0209_R010_T20JLL_20201208T175055_cba.TIF,../TMP-products-int/images-croped/S2B_MSIL1C_20201208T141739_N0209_R010_T20JLL_20201208T175055_CLOUDS_cba.TIF
257,,,TOTAL,../TMP-products-int/images-croped/S2A_MSIL1C_20181015T142031_N0206_R010_T20JLL_20181015T185654_cba.TIF,../TMP-products-int/images-croped/S2A_MSIL1C_20181015T142031_N0206_R010_T20JLL_20181015T185654_CLOUDS_cba.TIF
258,,,TOTAL,../TMP-products-int/images-croped/S2A_MSIL1C_20181114T142031_N0207_R010_T20JLL_20181114T175244_cba.TIF,../TMP-products-int/images-croped/S2A_MSIL1C_20181114T142031_N0207_R010_T20JLL_20181114T175244_CLOUDS_cba.TIF
259,,,TOTAL,../TMP-products-int/images-croped/S2A_MSIL1C_20210122T141741_N0209_R010_T20JLL_20210122T174152_cba.TIF,../TMP-products-int/images-croped/S2A_MSIL1C_20210122T141741_N0209_R010_T20JLL_20210122T174152_CLOUDS_cba.TIF
260,,,TOTAL,../TMP-products-int/images-croped/S2B_MSIL1C_20181229T142039_N0207_R010_T20JLL_20181229T173803_cba.TIF,../TMP-products-int/images-croped/S2B_MSIL1C_20181229T142039_N0207_R010_T20JLL_20181229T173803_CLOUDS_cba.TIF
261,,,TOTAL,../TMP-products-int/images-croped/S2A_MSIL1C_20170602T142041_N0205_R010_T20JLL_20170602T142039_cba.TIF,../TMP-products-int/images-croped/S2A_MSIL1C_20170602T142041_N0205_R010_T20JLL_20170602T142039_CLOUDS_cba.TIF
262,,,TOTAL,../TMP-products-int/images-croped/S2B_MSIL1C_20170905T142029_N0205_R010_T20JLL_20170905T142743_cba.TIF,../TMP-products-int/images-croped/S2B_MSIL1C_20170905T142029_N0205_R010_T20JLL_20170905T142743_CLOUDS_cba.TIF
263,,,TOTAL,../TMP-products-int/images-croped/S2A_MSIL1C_20200227T141731_N0209_R010_T20JLL_20200227T175603_cba.TIF,../TMP-products-int/images-croped/S2A_MSIL1C_20200227T141731_N0209_R010_T20JLL_20200227T175603_CLOUDS_cba.TIF
264,,,TOTAL,../TMP-products-int/images-croped/S2A_MSIL1C_20180128T142031_N0206_R010_T20JLL_20180128T174300_cba.TIF,../TMP-products-int/images-croped/S2A_MSIL1C_20180128T142031_N0206_R010_T20JLL_20180128T174300_CLOUDS_cba.TIF
265,,,TOTAL,../TMP-products-int/images-croped/S2B_MSIL1C_20190227T142039_N0207_R010_T20JLL_20190227T192206_cba.TIF,../TMP-products-int/images-croped/S2B_MSIL1C_20190227T142039_N0207_R010_T20JLL_20190227T192206_CLOUDS_cba.TIF
266,,,TOTAL,../TMP-products-int/images-croped/S2A_MSIL1C_20210810T141741_N0301_R010_T20JLL_20210810T173933_cba.TIF,../TMP-products-int/images-croped/S2A_MSIL1C_20210810T141741_N0301_R010_T20JLL_20210810T173933_CLOUDS_cba.TIF
267,,,TOTAL,../TMP-products-int/images-croped/S2B_MSIL1C_20210527T141739_N0300_R010_T20JLL_20210527T174531_cba.TIF,../TMP-products-int/images-croped/S2B_MSIL1C_20210527T141739_N0300_R010_T20JLL_20210527T174531_CLOUDS_cba.TIF
268,,,TOTAL,../TMP-products-int/images-croped/S2A_MSIL1C_20210502T141731_N0300_R010_T20JLL_20210502T180951_cba.TIF,../TMP-products-int/images-croped/S2A_MSIL1C_20210502T141731_N0300_R010_T20JLL_20210502T180951_CLOUDS_cba.TIF
269,,,TOTAL,../TMP-products-int/images-croped/S2B_MSIL1C_20220323T141739_N0400_R010_T20JLL_20220323T193902_cba.TIF,../TMP-products-int/images-croped/S2B_MSIL1C_20220323T141739_N0400_R010_T20JLL_20220323T193902_CLOUDS_cba.TIF
270,,,TOTAL,../TMP-products-int/images-croped/S2B_MSIL1C_20180423T142039_N0206_R010_T20JLL_20180423T173953_cba.TIF,../TMP-products-int/images-croped/S2B_MSIL1C_20180423T142039_N0206_R010_T20JLL_20180423T173953_CLOUDS_cba.TIF
271,,,TOTAL,../TMP-products-int/images-croped/S2B_MSIL1C_20210417T141729_N0300_R010_T20JLL_20210417T174317_cba.TIF,../TMP-products-int/images-croped/S2B_MSIL1C_20210417T141729_N0300_R010_T20JLL_20210417T174317_CLOUDS_cba.TIF
272,,,TOTAL,../TMP-products-int/images-croped/S2B_MSIL1C_20190816T142049_N0208_R010_T20JLL_20190816T174312_cba.TIF,../TMP-products-int/images-croped/S2B_MSIL1C_20190816T142049_N0208_R010_T20JLL_20190816T174312_CLOUDS_cba.TIF
273,,,TOTAL,../TMP-products-int/images-croped/S2B_MSIL1C_20200611T141739_N0209_R010_T20JLL_20200611T173714_cba.TIF,../TMP-products-int/images-croped/S2B_MSIL1C_20200611T141739_N0209_R010_T20JLL_20200611T173714_CLOUDS_cba.TIF
274,,,TOTAL,../TMP-products-int/images-croped/S2B_MSIL1C_20171114T142029_N0206_R010_T20JLL_20171114T185810_cba.TIF,../TMP-products-int/images-croped/S2B_MSIL1C_20171114T142029_N0206_R010_T20JLL_20171114T185810_CLOUDS_cba.TIF
275,,,TOTAL,../TMP-products-int/images-croped/S2A_MSIL1C_20200417T141741_N0209_R010_T20JLL_20200417T173808_cba.TIF,../TMP-products-int/images-croped/S2A_MSIL1C_20200417T141741_N0209_R010_T20JLL_20200417T173808_CLOUDS_cba.TIF
